	Autor	Werk	year	vis_id
1	Ahlefeld, Charlotte von	Erna	1819	AhlefeldCharlottevon_Erna
0	Ahlefeld, Charlotte von	Marie Müller	1799	AhlefeldCharlottevon_MarieMüller
2	Alexis, Willibald	Die Hosen des Herrn von Bredow	1846	AlexisWillibald_DieHosendesHerrnvonBredow
3	Alexis, Willibald	Ruhe ist die erste Bürgerpflicht	1852	AlexisWillibald_RuheistdieersteBürgerpflicht
4	Anonym	Schwester Monika	1815	Anonym_SchwesterMonika
5	Anzengruber, Ludwig	Der Sternsteinhof	1885	AnzengruberLudwig_DerSternsteinhof
8	Arnim, Bettina von	Clemens Brentanos Frühlingskranz	1844	ArnimBettinavon_ClemensBrentanosFrühlingskranz
7	Arnim, Bettina von	Die Günderode	1840	ArnimBettinavon_DieGünderode
6	Arnim, Bettina von	Goethes Briefwechsel mit einem Kinde	1835	ArnimBettinavon_GoethesBriefwechselmiteinemKinde
9	Arnim, Ludwig Achim von	Armut, Reichtum, Schuld und Buße der Gräfin Dolores	1810	ArnimLudwigAchimvon_ArmutReichtumSchuldundBußederGräfinDolores
10	Aston, Louise	Aus dem Leben einer Frau	1847	AstonLouise_AusdemLebeneinerFrau
11	Aston, Louise	Lydia	1848	AstonLouise_Lydia
12	Aston, Louise	Revolution und Contrerevolution	1849	AstonLouise_RevolutionundContrerevolution
13	Auerbach, Berthold	Barfüßele	1856	AuerbachBerthold_Barfüßele
14	Bahr, Hermann	Die gute Schule	1890	BahrHermann_DieguteSchule
15	Ball, Hugo	Flammetti	1918	BallHugo_Flammetti
17	Balzac, Honoré de	Glanz und Elend der Kurtisanen	1838	BalzacHonoréde_GlanzundElendderKurtisanen
16	Balzac, Honoré de	Vater Goriot	1834	BalzacHonoréde_VaterGoriot
18	Bernhardi, Sophie	Evremont	1822	BernhardiSophie_Evremont
19	Bierbaum, Otto Julius	Stilpe. Ein Roman aus der Froschperspektive	1897	BierbaumOttoJulius_Stilpe.EinRomanausderFroschperspektive
20	Bleibtreu, Karl	Größenwahn	1888	BleibtreuKarl_Größenwahn
21	Boy-Ed, Ida	Fanny Förster	1889	Boy-EdIda_FannyFörster
22	Boy-Ed, Ida	Vor der Ehe	1915	Boy-EdIda_VorderEhe
23	Braun, Lily	Lebenssucher	1915	BraunLily_Lebenssucher
24	Brentano, Clemens	Godwi oder Das steinerne Bild der Mutter	1801	BrentanoClemens_GodwioderDassteinerneBildderMutter
25	Brontë, Charlotte	Jane Eyre	1847	BrontëCharlotte_JaneEyre
26	Bruckbräu, Friedrich Wilhelm	Mittheilungen aus den geheimen Memoiren einer deutschen Sängerin	1829	BruckbräuFriedrichWilhelm_MittheilungenausdengeheimenMemoireneinerdeutschenSängerin
27	Carroll, Lewis	Alice im Wunderland	1865	CarrollLewis_AliceimWunderland
29	Christ, Lena	Die Rumplhanni	1916	ChristLena_DieRumplhanni
30	Christ, Lena	Madam Bäurin	1920	ChristLena_MadamBäurin
28	Christ, Lena	Mathias Bichler	1914	ChristLena_MathiasBichler
31	Christen, Ada	Jungfer Mutter	1892	ChristenAda_JungferMutter
32	Cleland, John	Fanny Hill oder Geschichte eines Freudenmädchens	1789	ClelandJohn_FannyHilloderGeschichteeinesFreudenmädchens
33	Conrad, Michael Georg	Was die Isar rauscht	1888	ConradMichaelGeorg_WasdieIsarrauscht
34	Conradi, Hermann	Adam Mensch	1889	ConradiHermann_AdamMensch
35	Dahn, Felix	Kampf um Rom	1876	DahnFelix_KampfumRom
36	Dauthendey, Max	Lingam	1909	DauthendeyMax_Lingam
38	Dickens, Charles	David Copperfield	1849	DickensCharles_DavidCopperfield
37	Dickens, Charles	Oliver Twist oder Der Weg eines Fürsorgezöglings	1837	DickensCharles_OliverTwistoderDerWegeinesFürsorgezöglings
39	Diderot, Denis	Jakob und sein Herr	1776	DiderotDenis_JakobundseinHerr
41	Dohm, Hedwig	Schicksale einer Seele	1899	DohmHedwig_SchicksaleeinerSeele
40	Dohm, Hedwig	Sibilla Dalmar	1896	DohmHedwig_SibillaDalmar
42	Dostoevskij, Fëdor Michajlovic	Die Dämonen	1871	DostoevskijFëdorMichajlovic_DieDämonen
44	Dostojewski, Fjodor Michailowitsch	Der Idiot	1868	DostojewskiFjodorMichailowitsch_DerIdiot
43	Dostojewski, Fjodor Michailowitsch	Verbrechen und Strafe (Schuld und Sühne)	1866	DostojewskiFjodorMichailowitsch_VerbrechenundStrafe(SchuldundSühne)
45	Ebner-Eschenbach, Marie von	Bozena	1876	Ebner-EschenbachMarievon_Bozena
47	Ebner-Eschenbach, Marie von	Das Gemeindekind	1887	Ebner-EschenbachMarievon_DasGemeindekind
46	Ebner-Eschenbach, Marie von	Lotti, die Uhrmacherin	1880	Ebner-EschenbachMarievon_LottidieUhrmacherin
48	Ebner-Eschenbach, Marie von	Unsühnbar	1890	Ebner-EschenbachMarievon_Unsühnbar
49	Ehrmann, Marianne	Amalie. Eine wahre Geschichte in Briefen	1788	EhrmannMarianne_Amalie.EinewahreGeschichteinBriefen
50	Ehrmann, Marianne	Ninas Briefe an ihren Geliebten	1788	EhrmannMarianne_NinasBriefeanihrenGeliebten
51	Eichendorff, Joseph von	Ahnung und Gegenwart	1815	EichendorffJosephvon_AhnungundGegenwart
52	Engel, Johann Jakob	Herr Lorenz Stark	1795	EngelJohannJakob_HerrLorenzStark
53	Essig, Hermann	Der Taifun	1919	EssigHermann_DerTaifun
54	Felder, Franz Michael	Reich und arm	1868	FelderFranzMichael_Reichundarm
57	Fischer, Caroline Auguste	Der Günstling	1808	FischerCarolineAuguste_DerGünstling
56	Fischer, Caroline Auguste	Die Honigmonathe	1802	FischerCarolineAuguste_DieHonigmonathe
55	Fischer, Caroline Auguste	Gustavs Verirrungen	1801	FischerCarolineAuguste_GustavsVerirrungen
58	Fischer, Caroline Auguste	Margarethe	1812	FischerCarolineAuguste_Margarethe
60	Flaubert, Gustave	Die Schule der Empfindsamkeit	1869	FlaubertGustave_DieSchulederEmpfindsamkeit
59	Flaubert, Gustave	Madame Bovary	1857	FlaubertGustave_MadameBovary
61	Fock, Gorch	Seefahrt ist not!	1913	FockGorch_Seefahrtistnot!
65	Fontane, Theodor	Cécile	1887	FontaneTheodor_Cécile
73	Fontane, Theodor	Der Stechlin	1897	FontaneTheodor_DerStechlin
72	Fontane, Theodor	Die Poggenpuhls	1895	FontaneTheodor_DiePoggenpuhls
71	Fontane, Theodor	Effi Briest	1894	FontaneTheodor_EffiBriest
69	Fontane, Theodor	Frau Jenny Treibel	1892	FontaneTheodor_FrauJennyTreibel
64	Fontane, Theodor	Graf Petöfy	1884	FontaneTheodor_GrafPetöfy
66	Fontane, Theodor	Irrungen, Wirrungen	1887	FontaneTheodor_IrrungenWirrungen
63	Fontane, Theodor	L Adultera	1880	FontaneTheodor_LAdultera
67	Fontane, Theodor	Quitt	1890	FontaneTheodor_Quitt
68	Fontane, Theodor	Stine	1890	FontaneTheodor_Stine
70	Fontane, Theodor	Unwiederbringlich	1892	FontaneTheodor_Unwiederbringlich
62	Fontane, Theodor	Vor dem Sturm	1878	FontaneTheodor_VordemSturm
77	Fouqué, Caroline de la Motte	Der Spanier und der Freiwillige in Paris	1814	FouquéCarolinedelaMotte_DerSpanierundderFreiwilligeinParis
75	Fouqué, Caroline de la Motte	Die Frau des Falkensteins	1810	FouquéCarolinedelaMotte_DieFraudesFalkensteins
76	Fouqué, Caroline de la Motte	Magie der Natur	1812	FouquéCarolinedelaMotte_MagiederNatur
78	Fouqué, Caroline de la Motte	Resignation	1829	FouquéCarolinedelaMotte_Resignation
74	Fouqué, Caroline de la Motte	Rodrich	1807	FouquéCarolinedelaMotte_Rodrich
81	Franzos, Karl Emil	Der Pojaz	1905	FranzosKarlEmil_DerPojaz
79	François, Louise von	Die letzte Reckenburgerin	1871	FrançoisLouisevon_DieletzteReckenburgerin
80	François, Louise von	Stufenjahre eines Glücklichen	1877	FrançoisLouisevon_StufenjahreeinesGlücklichen
82	Frapan, Ilse	Arbeit	1903	FrapanIlse_Arbeit
85	Freytag, Gustav	Die Ahnen	1872	FreytagGustav_DieAhnen
84	Freytag, Gustav	Die verlorene Handschrift	1864	FreytagGustav_DieverloreneHandschrift
83	Freytag, Gustav	Soll und Haben	1855	FreytagGustav_SollundHaben
86	Frölich, Henriette	Virginia oder Die Kolonie von Kentucky	1819	FrölichHenriette_VirginiaoderDieKolonievonKentucky
88	Ganghofer, Ludwig	Der Ochsenkrieg	1914	GanghoferLudwig_DerOchsenkrieg
87	Ganghofer, Ludwig	Schloß Hubertus	1895	GanghoferLudwig_SchloßHubertus
89	Gautier, Théophile	Mademoiselle de Maupin	1835	GautierThéophile_MademoiselledeMaupin
91	Gerstäcker, Friedrich	Die Flußpiraten des Mississippi. Aus dem Waldleben Amerikas.	1848	GerstäckerFriedrich_DieFlußpiratendesMississippi.AusdemWaldlebenAmerikas.
90	Gerstäcker, Friedrich	Die Regulatoren in Arkansas. Aus dem Waldleben Amerikas	1846	GerstäckerFriedrich_DieRegulatoreninArkansas.AusdemWaldlebenAmerikas
92	Goedsche, Herrmann	Sebastopol	1855	GoedscheHerrmann_Sebastopol
93	Goethe, Johann Wolfgang	Die Leiden des jungen Werther	1774	GoetheJohannWolfgang_DieLeidendesjungenWerther
95	Goethe, Johann Wolfgang	Die Wahlverwandtschaften	1809	GoetheJohannWolfgang_DieWahlverwandtschaften
94	Goethe, Johann Wolfgang	Wilhelm Meisters Lehrjahre	1795	GoetheJohannWolfgang_WilhelmMeistersLehrjahre
96	Goethe, Johann Wolfgang	Wilhelm Meisters Wanderjahre	1821	GoetheJohannWolfgang_WilhelmMeistersWanderjahre
97	Gogol, Nikolaj Vasilevic	Die toten Seelen oder Tschitschikows Abenteuer	1842	GogolNikolajVasilevic_DietotenSeelenoderTschitschikowsAbenteuer
99	Gotthelf, Jeremias	Uli der Pächter	1849	GotthelfJeremias_UliderPächter
98	Gotthelf, Jeremias	Wie Uli der Knecht glücklich wird	1841	GotthelfJeremias_WieUliderKnechtglücklichwird
102	Gutzkow, Karl	Der Zauberer von Rom	1858	GutzkowKarl_DerZauberervonRom
101	Gutzkow, Karl	Die Ritter vom Geiste	1850	GutzkowKarl_DieRittervomGeiste
100	Gutzkow, Karl	Wally, die Zweiflerin	1835	GutzkowKarl_WallydieZweiflerin
103	Hackländer, Friedrich Wilhelm von	Europäisches Sklavenleben	1854	HackländerFriedrichWilhelmvon_EuropäischesSklavenleben
104	Hahn-Hahn, Ida Gräfin von	Gräfin Faustine	1840	Hahn-HahnIdaGräfinvon_GräfinFaustine
106	Hahn-Hahn, Ida Gräfin von	Maria Regina	1860	Hahn-HahnIdaGräfinvon_MariaRegina
105	Hahn-Hahn, Ida Gräfin von	Sibylle	1846	Hahn-HahnIdaGräfinvon_Sibylle
108	Hauff, Wilhelm	Lichtenstein	1826	HauffWilhelm_Lichtenstein
107	Hauff, Wilhelm	Mitteilungen aus den Memoiren des Satan	1825	HauffWilhelm_MitteilungenausdenMemoirendesSatan
109	Hauptmann, Carl	Einhart der Lächler	1915	HauptmannCarl_EinhartderLächler
110	Heinse, Wilhelm	Ardinghello und die glückseligen Inseln	1787	HeinseWilhelm_ArdinghellounddieglückseligenInseln
111	Heinse, Wilhelm	Hildegard von Hohenthal	1795	HeinseWilhelm_HildegardvonHohenthal
112	Hesekiel, George	Faust und Don Juan	1846	HesekielGeorge_FaustundDonJuan
113	Heyking, Elisabeth von	Briefe, die ihn nicht erreichten	1903	HeykingElisabethvon_Briefedieihnnichterreichten
114	Heyking, Elisabeth von	Tschun	1914	HeykingElisabethvon_Tschun
115	Hippel, Theodor Gottlieb von	Lebensläufe nach aufsteigender Linie	1778	HippelTheodorGottliebvon_LebensläufenachaufsteigenderLinie
116	Hoffmann, E. T. A.	Die Elixiere des Teufels	1815	HoffmannE.T.A._DieElixieredesTeufels
117	Hoffmann, E. T. A.	Lebensansichten des Katers Murr	1819	HoffmannE.T.A._LebensansichtendesKatersMurr
119	Huber, Therese	Die Familie Seldorf	1795	HuberTherese_DieFamilieSeldorf
121	Huber, Therese	Ellen Percy	1822	HuberTherese_EllenPercy
120	Huber, Therese	Luise	1796	HuberTherese_Luise
122	Hugo, Victor	Der Glöckner von Notre Dame	1831	HugoVictor_DerGlöcknervonNotreDame
123	Huysmans, Joris-Karl	Gegen den Strich	1884	HuysmansJoris-Karl_GegendenStrich
118	Hölderlin, Friedrich	Hyperion oder der Eremit in Griechenland	1797	HölderlinFriedrich_HyperionoderderEremitinGriechenland
124	Immermann, Karl	Die Epigonen	1836	ImmermannKarl_DieEpigonen
125	Immermann, Karl	Münchhausen	1839	ImmermannKarl_Münchhausen
127	Jacobi, Friedrich Heinrich	Aus Eduard Allwills Papieren	1781	JacobiFriedrichHeinrich_AusEduardAllwillsPapieren
126	Jacobi, Friedrich Heinrich	Woldemar	1779	JacobiFriedrichHeinrich_Woldemar
128	Jacobsen, Jens Peter	Niels Lyhne	1880	JacobsenJensPeter_NielsLyhne
130	Janitschek, Maria	Die Amazonenschlacht	1897	JanitschekMaria_DieAmazonenschlacht
129	Janitschek, Maria	Ninive	1896	JanitschekMaria_Ninive
133	Jean Paul	Blumen-, Frucht- und Dornenstücke.xml.txt	1796	JeanPaul_Blumen-Frucht-undDornenstücke.xml.txt
138	Jean Paul	Des Feldpredigers Schmelzle Reise nach Flätz.xml.txt	1809	JeanPaul_DesFeldpredigersSchmelzleReisenachFlätz.xml.txt
136	Jean Paul	Des Luftschiffers Giannozzo Seebuch.xml.txt	1801	JeanPaul_DesLuftschiffersGiannozzoSeebuch.xml.txt
131	Jean Paul	Die unsichtbare Loge.xml.txt	1793	JeanPaul_DieunsichtbareLoge.xml.txt
139	Jean Paul	Dr. Katzenbergers Badereise.xml.txt	1809	JeanPaul_Dr.KatzenbergersBadereise.xml.txt
137	Jean Paul	Flegeljahre.xml.txt	1804	JeanPaul_Flegeljahre.xml.txt
132	Jean Paul	Hesperus oder 45 Hundsposttage.xml.txt	1795	JeanPaul_Hesperusoder45Hundsposttage.xml.txt
134	Jean Paul	Leben des Quintus Fixlein.xml.txt	1796	JeanPaul_LebendesQuintusFixlein.xml.txt
135	Jean Paul	Titan	1800	JeanPaul_Titan
141	Kafka, Franz	Das Schloß	1926	KafkaFranz_DasSchloß
140	Kafka, Franz	Der Prozeß	1925	KafkaFranz_DerProzeß
142	Keller, Gottfried	Der grüne Heinrich1 [Erste Fassung]	1854	KellerGottfried_DergrüneHeinrich1[ErsteFassung]
143	Keller, Gottfried	Der grüne Heinrich2 [Zweite Fassung]	1879	KellerGottfried_DergrüneHeinrich2[ZweiteFassung]
144	Keller, Gottfried	Martin Salander	1886	KellerGottfried_MartinSalander
147	Keyserling, Eduard von	Abendliche Häuser	1914	KeyserlingEduardvon_AbendlicheHäuser
145	Keyserling, Eduard von	Dumala	1907	KeyserlingEduardvon_Dumala
146	Keyserling, Eduard von	Wellen	1911	KeyserlingEduardvon_Wellen
148	Klingemann, August	Die Nachtwachen des Bonaventura	1804	KlingemannAugust_DieNachtwachendesBonaventura
149	Klinger, Friedrich Maximilian	Fausts Leben, Taten und Höllenfahrt	1791	KlingerFriedrichMaximilian_FaustsLebenTatenundHöllenfahrt
150	Klinger, Friedrich Maximilian	Geschichte eines Teutschen der neusten Zeit	1798	KlingerFriedrichMaximilian_GeschichteeinesTeutschenderneustenZeit
151	Knigge, Adolph Freiherr von	Benjamin Noldmanns Geschichte der Aufklärung in Abyssinien	1791	KniggeAdolphFreiherrvon_BenjaminNoldmannsGeschichtederAufklärunginAbyssinien
152	Knigge, Adolph Freiherr von	Die Reise nach Braunschweig	1792	KniggeAdolphFreiherrvon_DieReisenachBraunschweig
153	Knigge, Adolph Freiherr von	Josephs von Wurmbrands ... politisches Glaubensbekenntnis	1792	KniggeAdolphFreiherrvon_JosephsvonWurmbrands...politischesGlaubensbekenntnis
154	Kurz, Hermann	Der Sonnenwirt	1854	KurzHermann_DerSonnenwirt
156	La Roche, Sophie von	Erscheinungen am See Oneida	1798	LaRocheSophievon_ErscheinungenamSeeOneida
155	La Roche, Sophie von	Rosaliens Briefe an ihre Freundin Mariane von St**	1779	LaRocheSophievon_RosaliensBriefeanihreFreundinMarianevonSt**
157	Laube, Heinrich	Das junge Europa	1833	LaubeHeinrich_DasjungeEuropa
158	Lermontov, Michail 	Ein Held unserer Zeit	1840	LermontovMichail_EinHeldunsererZeit
159	Lewald, Fanny	Clementine	1842	LewaldFanny_Clementine
162	Lewald, Fanny	Diogena	1847	LewaldFanny_Diogena
161	Lewald, Fanny	Eine Lebensfrage	1845	LewaldFanny_EineLebensfrage
160	Lewald, Fanny	Jenny	1843	LewaldFanny_Jenny
163	Lewald, Fanny	Von Geschlecht zu Geschlecht	1864	LewaldFanny_VonGeschlechtzuGeschlecht
164	Liebeskind, Margareta Sophia	Maria	1784	LiebeskindMargaretaSophia_Maria
165	Liliencron, Detlev von	Leben und Lüge	1908	LiliencronDetlevvon_LebenundLüge
167	Ludwig, Otto	Die Heiteretei und ihr Widerspiel	1857	LudwigOtto_DieHeitereteiundihrWiderspiel
166	Ludwig, Otto	Zwischen Himmel und Erde	1856	LudwigOtto_ZwischenHimmelundErde
168	Manzoni, Alessandro	Die Verlobten	1827	ManzoniAlessandro_DieVerlobten
170	Marlitt, Eugenie	Das Geheimnis der alten Mamsell	1867	MarlittEugenie_DasGeheimnisderaltenMamsell
171	Marlitt, Eugenie	Das Heideprinzeßchen	1871	MarlittEugenie_DasHeideprinzeßchen
172	Marlitt, Eugenie	Die Frau mit den Karfunkelsteinen	1885	MarlittEugenie_DieFraumitdenKarfunkelsteinen
169	Marlitt, Eugenie	Goldelse	1866	MarlittEugenie_Goldelse
173	Meinhold, Wilhelm	Die Bernsteinhexe	1843	MeinholdWilhelm_DieBernsteinhexe
174	Meisel-Hess, Grete	Die Intellektuellen	1911	Meisel-HessGrete_DieIntellektuellen
176	Mereau, Sophie	Amanda und Eduard	1803	MereauSophie_AmandaundEduard
175	Mereau, Sophie	Das Blüthenalter der Empfindung	1794	MereauSophie_DasBlüthenalterderEmpfindung
177	Meyer, Conrad Ferdinand	Jürg Jenatsch	1876	MeyerConradFerdinand_JürgJenatsch
178	Meyrink, Gustav	Der Golem	1913	MeyrinkGustav_DerGolem
179	Meysenbug, Malwida Freiin von	Himmlische und irdische Liebe	1905	MeysenbugMalwidaFreiinvon_HimmlischeundirdischeLiebe
180	Miller, Johann Martin	Siegwart. Eine Klostergeschichte	1776	MillerJohannMartin_Siegwart.EineKlostergeschichte
183	Moritz, Karl Philipp	Andreas Hartknopf. Eine Allegorie	1786	MoritzKarlPhilipp_AndreasHartknopf.EineAllegorie
182	Moritz, Karl Philipp	Anton Reiser	1785	MoritzKarlPhilipp_AntonReiser
186	Multatuli	Max Havelaar oder die Kaffee-Versteigerungen	1860	Multatuli_MaxHavelaaroderdieKaffee-Versteigerungen
187	Mundt, Theodor	Madonna. Unterhaltungen mit einer Heiligen	1835	MundtTheodor_Madonna.UnterhaltungenmiteinerHeiligen
188	Musset, Alfred de	Gamiani oder zwei tolle Nächte	1833	MussetAlfredde_GamianioderzweitolleNächte
181	Mörike, Eduard	Maler Nolten	1832	MörikeEduard_MalerNolten
184	Müller, Johann Gottwerth	Siegfried von Lindenberg	1779	MüllerJohannGottwerth_SiegfriedvonLindenberg
185	Müller, Robert	Tropen. Der Mythos der Reise. Urkunden eines deutschen Ingenieurs	1915	MüllerRobert_Tropen.DerMythosderReise.UrkundeneinesdeutschenIngenieurs
191	Naubert, Benedikte	Alf von Dülmen	1790	NaubertBenedikte_AlfvonDülmen
189	Naubert, Benedikte	Die Amtmannin von Hohenweiler	1787	NaubertBenedikte_DieAmtmanninvonHohenweiler
190	Naubert, Benedikte	Herrmann von Unna	1788	NaubertBenedikte_HerrmannvonUnna
192	Novalis	Die Lehrlinge zu Sais	1802	Novalis_DieLehrlingezuSais
193	Novalis	Heinrich von Ofterdingen	1802	Novalis_HeinrichvonOfterdingen
194	Otto, Louise	Schloß und Fabrik	1846	OttoLouise_SchloßundFabrik
195	Paalzow, Henriette von	Godwie-Castle	1838	PaalzowHenriettevon_Godwie-Castle
196	Paalzow, Henriette von	Ste. Roche	1839	PaalzowHenriettevon_Ste.Roche
197	Pichler, Karoline	Agathocles	1828	PichlerKaroline_Agathocles
198	Polenz, Wilhelm von	Der Büttnerbauer	1895	PolenzWilhelmvon_DerBüttnerbauer
202	Raabe, Wilhelm	Abu Telfan oder Die Heimkehr vom Mondgebirge	1867	RaabeWilhelm_AbuTelfanoderDieHeimkehrvomMondgebirge
204	Raabe, Wilhelm	Alte Nester	1879	RaabeWilhelm_AlteNester
200	Raabe, Wilhelm	Der Hungerpastor	1863	RaabeWilhelm_DerHungerpastor
203	Raabe, Wilhelm	Der Schüdderump	1869	RaabeWilhelm_DerSchüdderump
207	Raabe, Wilhelm	Die Akten des Vogelsangs	1896	RaabeWilhelm_DieAktendesVogelsangs
199	Raabe, Wilhelm	Die Chronik der Sperlingsgasse	1857	RaabeWilhelm_DieChronikderSperlingsgasse
201	Raabe, Wilhelm	Die Leute aus dem Walde, ihre Sterne, Wege und Schicksale	1863	RaabeWilhelm_DieLeuteausdemWaldeihreSterneWegeundSchicksale
205	Raabe, Wilhelm	Im alten Eisen	1887	RaabeWilhelm_ImaltenEisen
206	Raabe, Wilhelm	Stopfkuchen. Eine See- und Mordgeschichte	1891	RaabeWilhelm_Stopfkuchen.EineSee-undMordgeschichte
208	Restif de la Bretonne, Nicolas Édmé	Anti-Justine	1793	RestifdelaBretonneNicolasÉdmé_Anti-Justine
212	Reventlow, Franziska Gräfin zu	Der Geldkomplex	1916	ReventlowFranziskaGräfinzu_DerGeldkomplex
213	Reventlow, Franziska Gräfin zu	Der Selbstmordverein	1925	ReventlowFranziskaGräfinzu_DerSelbstmordverein
209	Reventlow, Franziska Gräfin zu	Ellen Olestjerne	1903	ReventlowFranziskaGräfinzu_EllenOlestjerne
211	Reventlow, Franziska Gräfin zu	Herrn Dames Aufzeichnungen	1913	ReventlowFranziskaGräfinzu_HerrnDamesAufzeichnungen
210	Reventlow, Franziska Gräfin zu	Von Paul zu Pedro	1912	ReventlowFranziskaGräfinzu_VonPaulzuPedro
214	Rilke, Rainer Maria	Die Aufzeichnungen des Malte Laurids Brigge	1910	RilkeRainerMaria_DieAufzeichnungendesMalteLauridsBrigge
215	Rosegger, Peter	Die Schriften des Waldschulmeisters	1875	RoseggerPeter_DieSchriftendesWaldschulmeisters
217	Ruppius, Otto	Das Vermächtnis des Pedlars	1859	RuppiusOtto_DasVermächtnisdesPedlars
216	Ruppius, Otto	Der Pedlar	1857	RuppiusOtto_DerPedlar
218	Sade, Marquis de	Die Geschichte der Justine oder die Nachteile der Tugend	1791	SadeMarquisde_DieGeschichtederJustineoderdieNachteilederTugend
220	Scheerbart, Paul	Immer mutig!	1902	ScheerbartPaul_Immermutig!
222	Scheerbart, Paul	Lesabéndio. Ein Asteroiden-Roman	1913	ScheerbartPaul_Lesabéndio.EinAsteroiden-Roman
221	Scheerbart, Paul	Liwûna und Kaidôh. Ein Seelenroman	1902	ScheerbartPaul_LiwûnaundKaidôh.EinSeelenroman
219	Scheerbart, Paul	Tarub, Bagdads berühmte Köchin	1897	ScheerbartPaul_TarubBagdadsberühmteKöchin
223	Scheffel, Joseph Viktor von	Ekkehard	1855	ScheffelJosephViktorvon_Ekkehard
224	Schiller, Friedrich	Der Geisterseher	1788	SchillerFriedrich_DerGeisterseher
225	Schilling, Friedrich Gustav	Die Denkwürdigkeiten des Herrn v. H.	1787	SchillingFriedrichGustav_DieDenkwürdigkeitendesHerrnv.H.
226	Schlegel, Dorothea	Florentin	1801	SchlegelDorothea_Florentin
227	Schlegel, Friedrich	Lucinde	1799	SchlegelFriedrich_Lucinde
228	Schnitzler, Arthur	Der Weg ins Freie	1907	SchnitzlerArthur_DerWeginsFreie
229	Schnitzler, Arthur	Therese	1928	SchnitzlerArthur_Therese
230	Schopenhauer, Adele	Anna	1845	SchopenhauerAdele_Anna
232	Schopenhauer, Johanna	Die Tante	1823	SchopenhauerJohanna_DieTante
231	Schopenhauer, Johanna	Gabriele	1819	SchopenhauerJohanna_Gabriele
233	Schopenhauer, Johanna	Richard Wood	1837	SchopenhauerJohanna_RichardWood
234	Schröder-Devrient, Wilhelmine	Aus den Memoiren einer Sängerin	1829	Schröder-DevrientWilhelmine_AusdenMemoireneinerSängerin
235	Scott, Sir Walter	Ivanhoe	1819	ScottSirWalter_Ivanhoe
236	Sienkiewicz, Henryk	Quo vadis	1896	SienkiewiczHenryk_Quovadis
241	Spielhagen, Friedrich	Faustulus	1898	SpielhagenFriedrich_Faustulus
239	Spielhagen, Friedrich	Hammer und Amboß	1869	SpielhagenFriedrich_HammerundAmboß
237	Spielhagen, Friedrich	Problematische Naturen. Erste Abtheilung	1861	SpielhagenFriedrich_ProblematischeNaturen.ErsteAbtheilung
238	Spielhagen, Friedrich	Problematische Naturen. Zweite Abtheilung (Durch Nacht zum Licht)	1861	SpielhagenFriedrich_ProblematischeNaturen.ZweiteAbtheilung(DurchNachtzumLicht)
240	Spielhagen, Friedrich	Zum Zeitvertreib	1897	SpielhagenFriedrich_ZumZeitvertreib
242	Spindler, Carl	Der Jude	1827	SpindlerCarl_DerJude
243	Spitteler, Carl	ConradderLeutnant	1898	SpittelerCarl_ConradderLeutnant
245	Spitteler, Carl	Die Mädchenfeinde	1907	SpittelerCarl_DieMädchenfeinde
244	Spitteler, Carl	Imago	1906	SpittelerCarl_Imago
246	Spyri, Johanna	Heidis Lehr- und Wanderjahre	1880	SpyriJohanna_HeidisLehr-undWanderjahre
247	Stendhal	Rot und Schwarz	1830	Stendhal_RotundSchwarz
248	Stifter, Adalbert	Der Nachsommer	1857	StifterAdalbert_DerNachsommer
249	Stifter, Adalbert	Witiko	1865	StifterAdalbert_Witiko
250	Strindberg, August Johan	Inferno	1897	StrindbergAugustJohan_Inferno
251	Sudermann, Hermann	Frau Sorge	1887	SudermannHermann_FrauSorge
252	Suttner, Bertha von	Die Waffen nieder!	1889	SuttnerBerthavon_DieWaffennieder!
253	Suttner, Bertha von	Marthas Kinder	1902	SuttnerBerthavon_MarthasKinder
254	Thackeray, William Makepeace	Jahrmarkt der Eitelkeit	1847	ThackerayWilliamMakepeace_JahrmarktderEitelkeit
255	Thoma, Ludwig	Andreas Vöst	1906	ThomaLudwig_AndreasVöst
257	Thoma, Ludwig	Der Ruepp	1922	ThomaLudwig_DerRuepp
256	Thoma, Ludwig	Der Wittiber	1911	ThomaLudwig_DerWittiber
258	Thümmel, Moritz August von	Reise in die mittäglichen Provinzen von Frankreich im Jahre 1785-1786	1791	ThümmelMoritzAugustvon_ReiseindiemittäglichenProvinzenvonFrankreichimJahre1785-1786
261	Tieck, Ludwig	Der junge Tischlermeister	1836	TieckLudwig_DerjungeTischlermeister
260	Tieck, Ludwig	Franz Sternbalds Wanderungen	1798	TieckLudwig_FranzSternbaldsWanderungen
259	Tieck, Ludwig	Geschichte des Herrn William Lovell	1795	TieckLudwig_GeschichtedesHerrnWilliamLovell
262	Tieck, Ludwig	Vittoria Accorombona	1840	TieckLudwig_VittoriaAccorombona
264	Tolstoj, Lev Nikolaevic	Anna Karenina	1878	TolstojLevNikolaevic_AnnaKarenina
263	Tolstoj, Lev Nikolaevic	Krieg und Frieden	1868	TolstojLevNikolaevic_KriegundFrieden
265	Turgenev, Ivan Sergeeviç	Väter und Söhne	1861	TurgenevIvanSergeeviç_VäterundSöhne
266	Twain, Mark	Abenteuer und Fahrten des Huckleberry Finn	1885	TwainMark_AbenteuerundFahrtendesHuckleberryFinn
268	Unger, Friederike Helene	Albert und Albertine	1804	UngerFriederikeHelene_AlbertundAlbertine
269	Unger, Friederike Helene	Bekenntnisse einer schönen Seele	1806	UngerFriederikeHelene_BekenntnisseeinerschönenSeele
267	Unger, Friederike Helene	Julchen Grünthal	1784	UngerFriederikeHelene_JulchenGrünthal
270	Ungern-Sternberg, Alexander von	Die Zerissenen	1832	Ungern-SternbergAlexandervon_DieZerissenen
273	Verne, Jules	Reise nach dem Mittelpunkt der Erde	1873	VerneJules_ReisenachdemMittelpunktderErde
271	Verne, Jules	Reise um den Mond	1869	VerneJules_ReiseumdenMond
272	Verne, Jules	Reise um die Erde in 80 Tagen	1872	VerneJules_ReiseumdieErdein80Tagen
274	Vulpius, Christian August	Rinaldo Rinaldini, der Räuberhauptmann	1799	VulpiusChristianAugust_RinaldoRinaldiniderRäuberhauptmann
276	Wassermann, Jakob	Caspar Hauser oder Die Trägheit des Herzens	1907	WassermannJakob_CasparHauseroderDieTrägheitdesHerzens
278	Wassermann, Jakob	Christian Wahnschaffe	1919	WassermannJakob_ChristianWahnschaffe
277	Wassermann, Jakob	Das Gänsemännchen	1915	WassermannJakob_DasGänsemännchen
275	Wassermann, Jakob	Die Juden von Zirndorf	1897	WassermannJakob_DieJudenvonZirndorf
279	Weerth, Georg	Fragment eines Romans	1846	WeerthGeorg_FragmenteinesRomans
280	Weerth, Georg	Leben und Taten des berühmten Ritters Schnapphahnski	1848	WeerthGeorg_LebenundTatendesberühmtenRittersSchnapphahnski
281	Wezel, Johann Karl	Belphegor	1776	WezelJohannKarl_Belphegor
282	Wezel, Johann Karl	Hermann und Ulrike	1780	WezelJohannKarl_HermannundUlrike
283	Wezel, Johann Karl	Kakerlak oder die Geschichte eines Rosenkreuzers	1784	WezelJohannKarl_KakerlakoderdieGeschichteeinesRosenkreuzers
286	Wieland, Christoph Martin	Aristipp und einige seiner Zeitgenossen	1800	WielandChristophMartin_AristippundeinigeseinerZeitgenossen
284	Wieland, Christoph Martin	Geschichte der Abderiten	1774	WielandChristophMartin_GeschichtederAbderiten
285	Wieland, Christoph Martin	Peregrinus Proteus	1788	WielandChristophMartin_PeregrinusProteus
287	Wilde, Oscar	Das Bildnis des Dorian Gray	1890	WildeOscar_DasBildnisdesDorianGray
288	Wille, Bruno	Glasberg	1920	WilleBruno_Glasberg
289	Willkomm, Ernst Adolf	Die Europamüden	1837	WillkommErnstAdolf_DieEuropamüden
290	Willkomm, Ernst Adolf	Weisse Sclaven oder die Leiden des Volkes	1845	WillkommErnstAdolf_WeisseSclavenoderdieLeidendesVolkes
291	Wobeser, Wilhelmine Karoline von	Elisa	1795	WobeserWilhelmineKarolinevon_Elisa
292	Wolzogen, Caroline von	Agnes von Lilien	1798	WolzogenCarolinevon_AgnesvonLilien
293	Wörishöffer, Sophie	Robert der Schiffsjunge	1877	WörishöfferSophie_RobertderSchiffsjunge
295	Zola, Émile	Germinal	1885	ZolaÉmile_Germinal
294	Zola, Émile	Nana	1880	ZolaÉmile_Nana
296	Zschokke, Heinrich	Das Goldmacherdorf	1817	ZschokkeHeinrich_DasGoldmacherdorf
